Workbook

Sheet SLA_Master
A1: Report Date & Time: | C1: 46211.75
A3: Customer Complaint & SLA Breach Tracker — SLA Policy
A5: ① SLA Resolution Time by Priority
A6: This defines how many hours a ticket has to be resolved in, once its Priority is known.
A8: Priority | B8: SLA Resolution Time (Hours) | C8: SLA Resolution Time (Days) | D8: Description
A9: Critical | B9: 4 | C9: 0.16666667 | D9: System down / customer cannot transact
A10: High | B10: 24 | C10: 1 | D10: Major issue, no workaround
A11: Medium | B11: 48 | C11: 2 | D11: Moderate issue, workaround exists
A12: Low | B12: 72 | C12: 3 | D12: Minor issue / general query
A14: ② Category → Priority Mapping (this is what auto-fills Priority on every ticket)
A15: When you pick a Category on a ticket, its Priority is looked up from here automatically — no manual selection needed.
A16: Category | B16: Priority | C16: Reasoning | D16: Column1
A17: Account Access | B17: Critical | C17: Customer is locked out entirely — cannot use the product/service at all
A18: Technical | B18: High | C18: Product/system malfunction that blocks normal usage
A19: Product Quality | B19: High | C19: Defect or safety concern — urgent brand/trust impact
A20: Billing | B20: Medium | C20: Incorrect charge or invoice query — annoying but not blocking
A21: Delivery | B21: Low | C21: Shipment delay/status query — informational, least urgent

Sheet Complaint_Tickets
A1: Customer Complaint Ticket Log
A2: S.No | B2: Ticket ID | C2: Date & Time Raised | D2: Customer Name | E2: Category | F2: Priority | G2: Assigned Agent | H2: SLA Deadline | I2: Status | J2: Date & Time Resolved | K2: Resolution Time (Hrs) | L2: SLA Compliance
A3: 1 | B3: TKT-1001 | C3: 46211.729 | D3: Global Traders | E3: Account Access | F3: =VLOOKUP(E3,Table5[#All],2,FALSE()) -> Critical | G3: Neha Kapoor | H3: =C3+VLOOKUP(F3,Table2[#All],3,FALSE()) -> 46211.896 | I3: Open | K3: =IF(I3="Resolved",(J3-C3)*24,"") | L3: =IF(I3="Resolved",IF(J3<=H3,"Resolved - Within SLA","Resolved - Breached"),IF(SLA_Master!$C$1>H3,"Breached",IF((H3-SLA_Master!$C$1)*24<=4,"At Risk","On Track"))) -> At Risk
A4: 2 | B4: TKT-1002 | C4: 46211.375 | D4: TechVision India | E4: Account Access | F4: =VLOOKUP(E4,Table5[#All],2,FALSE()) -> Critical | G4: Arjun Mehta | H4: =C4+VLOOKUP(F4,Table2[#All],3,FALSE()) -> 46211.542 | I4: Open | K4: =IF(I4="Resolved",(J4-C4)*24,"") | L4: =IF(I4="Resolved",IF(J4<=H4,"Resolved - Within SLA","Resolved - Breached"),IF(SLA_Master!$C$1>H4,"Breached",IF((H4-SLA_Master!$C$1)*24<=4,"At Risk","On Track"))) -> Breached
A5: 3 | B5: TKT-1003 | C5: 46211.667 | D5: Sharma Enterprises | E5: Technical | F5: =VLOOKUP(E5,Table5[#All],2,FALSE()) -> High | G5: Fatima Sheikh | H5: =C5+VLOOKUP(F5,Table2[#All],3,FALSE()) -> 46212.667 | I5: In Progress | K5: =IF(I5="Resolved",(J5-C5)*24,"") | L5: =IF(I5="Resolved",IF(J5<=H5,"Resolved - Within SLA","Resolved - Breached"),IF(SLA_Master!$C$1>H5,"Breached",IF((H5-SLA_Master!$C$1)*24<=4,"At Risk","On Track"))) -> On Track
A6: 4 | B6: TKT-1004 | C6: 46210.875 | D6: BluePeak Retail | E6: Technical | F6: =VLOOKUP(E6,Table5[#All],2,FALSE()) -> High | G6: Rohan Das | H6: =C6+VLOOKUP(F6,Table2[#All],3,FALSE()) -> 46211.875 | I6: In Progress | K6: =IF(I6="Resolved",(J6-C6)*24,"") | L6: =IF(I6="Resolved",IF(J6<=H6,"Resolved - Within SLA","Resolved - Breached"),IF(SLA_Master!$C$1>H6,"Breached",IF((H6-SLA_Master!$C$1)*24<=4,"At Risk","On Track"))) -> At Risk
A7: 5 | B7: TKT-1005 | C7: 46210.5 | D7: Nova Logistics | E7: Product Quality | F7: =VLOOKUP(E7,Table5[#All],2,FALSE()) -> High | G7: Priyanka Nair | H7: =C7+VLOOKUP(F7,Table2[#All],3,FALSE()) -> 46211.5 | I7: Open | K7: =IF(I7="Resolved",(J7-C7)*24,"") | L7: =IF(I7="Resolved",IF(J7<=H7,"Resolved - Within SLA","Resolved - Breached"),IF(SLA_Master!$C$1>H7,"Breached",IF((H7-SLA_Master!$C$1)*24<=4,"At Risk","On Track"))) -> Breached
A8: 6 | B8: TKT-1006 | C8: 46210.917 | D8: Orbit Textiles | E8: Product Quality | F8: =VLOOKUP(E8,Table5[#All],2,FALSE()) -> High | G8: Neha Kapoor | H8: =C8+VLOOKUP(F8,Table2[#All],3,FALSE()) -> 46211.917 | I8: Resolved | J8: 46211.125 | K8: =IF(I8="Resolved",(J8-C8)*24,"") -> 5 | L8: =IF(I8="Resolved",IF(J8<=H8,"Resolved - Within SLA","Resolved - Breached"),IF(SLA_Master!$C$1>H8,"Breached",IF((H8-SLA_Master!$C$1)*24<=4,"At Risk","On Track"))) -> Resolved - Within SLA
A9: 7 | B9: TKT-1007 | C9: 46211.333 | D9: Sunrise Foods | E9: Billing | F9: =VLOOKUP(E9,Table5[#All],2,FALSE()) -> Medium | G9: Arjun Mehta | H9: =C9+VLOOKUP(F9,Table2[#All],3,FALSE()) -> 46213.333 | I9: In Progress | K9: =IF(I9="Resolved",(J9-C9)*24,"") | L9: =IF(I9="Resolved",IF(J9<=H9,"Resolved - Within SLA","Resolved - Breached"),IF(SLA_Master!$C$1>H9,"Breached",IF((H9-SLA_Master!$C$1)*24<=4,"At Risk","On Track"))) -> On Track
A10: 8 | B10: TKT-1008 | C10: 46209.833 | D10: Metro Hardware | E10: Billing | F10: =VLOOKUP(E10,Table5[#All],2,FALSE()) -> Medium | G10: Fatima Sheikh | H10: =C10+VLOOKUP(F10,Table2[#All],3,FALSE()) -> 46211.833 | I10: In Progress | K10: =IF(I10="Resolved",(J10-C10)*24,"") | L10: =IF(I10="Resolved",IF(J10<=H10,"Resolved - Within SLA","Resolved - Breached"),IF(SLA_Master!$C$1>H10,"Breached",IF((H10-SLA_Master!$C$1)*24<=4,"At Risk","On Track"))) -> At Risk
A11: 9 | B11: TKT-1009 | C11: 46209.25 | D11: Zenith Motors | E11: Billing | F11: =VLOOKUP(E11,Table5[#All],2,FALSE()) -> Medium | G11: Rohan Das | H11: =C11+VLOOKUP(F11,Table2[#All],3,FALSE()) -> 46211.25 | I11: Open | K11: =IF(I11="Resolved",(J11-C11)*24,"") | L11: =IF(I11="Resolved",IF(J11<=H11,"Resolved - Within SLA","Resolved - Breached"),IF(SLA_Master!$C$1>H11,"Breached",IF((H11-SLA_Master!$C$1)*24<=4,"At Risk","On Track"))) -> Breached
A12: 10 | B12: TKT-1010 | C12: 46207.583 | D12: Coral Interiors | E12: Billing | F12: =VLOOKUP(E12,Table5[#All],2,FALSE()) -> Medium | G12: Priyanka Nair | H12: =C12+VLOOKUP(F12,Table2[#All],3,FALSE()) -> 46209.583 | I12: Resolved | J12: 46208.833 | K12: =IF(I12="Resolved",(J12-C12)*24,"") -> 30 | L12: =IF(I12="Resolved",IF(J12<=H12,"Resolved - Within SLA","Resolved - Breached"),IF(SLA_Master!$C$1>H12,"Breached",IF((H12-SLA_Master!$C$1)*24<=4,"At Risk","On Track"))) -> Resolved - Within SLA
A13: 11 | B13: TKT-1011 | C13: 46205.5 | D13: Vertex Solutions | E13: Billing | F13: =VLOOKUP(E13,Table5[#All],2,FALSE()) -> Medium | G13: Neha Kapoor | H13: =C13+VLOOKUP(F13,Table2[#All],3,FALSE()) -> 46207.5 | I13: Resolved | J13: 46208.417 | K13: =IF(I13="Resolved",(J13-C13)*24,"") -> 70 | L13: =IF(I13="Resolved",IF(J13<=H13,"Resolved - Within SLA","Resolved - Breached"),IF(SLA_Master!$C$1>H13,"Breached",IF((H13-SLA_Master!$C$1)*24<=4,"At Risk","On Track"))) -> Resolved - Breached
A14: 12 | B14: TKT-1012 | C14: 46210.75 | D14: Harmony Exports | E14: Delivery | F14: =VLOOKUP(E14,Table5[#All],2,FALSE()) -> Low | G14: Arjun Mehta | H14: =C14+VLOOKUP(F14,Table2[#All],3,FALSE()) -> 46213.75 | I14: Open | K14: =IF(I14="Resolved",(J14-C14)*24,"") | L14: =IF(I14="Resolved",IF(J14<=H14,"Resolved - Within SLA","Resolved - Breached"),IF(SLA_Master!$C$1>H14,"Breached",IF((H14-SLA_Master!$C$1)*24<=4,"At Risk","On Track"))) -> On Track
A15: 13 | B15: TKT-1013 | C15: 46203.417 | D15: Delta Pharma | E15: Delivery | F15: =VLOOKUP(E15,Table5[#All],2,FALSE()) -> Low | G15: Fatima Sheikh | H15: =C15+VLOOKUP(F15,Table2[#All],3,FALSE()) -> 46206.417 | I15: Resolved | J15: 46205.5 | K15: =IF(I15="Resolved",(J15-C15)*24,"") -> 50 | L15: =IF(I15="Resolved",IF(J15<=H15,"Resolved - Within SLA","Resolved - Breached"),IF(SLA_Master!$C$1>H15,"Breached",IF((H15-SLA_Master!$C$1)*24<=4,"At Risk","On Track"))) -> Resolved - Within SLA
A16: 14 | B16: TKT-1014 | C16: 46201.333 | D16: Skyline Builders | E16: Delivery | F16: =VLOOKUP(E16,Table5[#All],2,FALSE()) -> Low | G16: Rohan Das | H16: =C16+VLOOKUP(F16,Table2[#All],3,FALSE()) -> 46204.333 | I16: Resolved | J16: 46205.5 | K16: =IF(I16="Resolved",(J16-C16)*24,"") -> 100 | L16: =IF(I16="Resolved",IF(J16<=H16,"Resolved - Within SLA","Resolved - Breached"),IF(SLA_Master!$C$1>H16,"Breached",IF((H16-SLA_Master!$C$1)*24<=4,"At Risk","On Track"))) -> Resolved - Breached
A17: 15 | B17: TKT-1015 | C17: 46206.333 | D17: Prime Electronics | E17: Delivery | F17: =VLOOKUP(E17,Table5[#All],2,FALSE()) -> Low | G17: Priyanka Nair | H17: =C17+VLOOKUP(F17,Table2[#All],3,FALSE()) -> 46209.333 | I17: Open | K17: =IF(I17="Resolved",(J17-C17)*24,"") | L17: =IF(I17="Resolved",IF(J17<=H17,"Resolved - Within SLA","Resolved - Breached"),IF(SLA_Master!$C$1>H17,"Breached",IF((H17-SLA_Master!$C$1)*24<=4,"At Risk","On Track"))) -> Breached

Sheet SLA_Breach_Dashboard
A1: SLA Breach Dashboard
A2: Agent-Wise Performance
A3: Agent | B3: Total Tickets | C3: Breached Tickets | D3: Breach Rate % | E3: Avg Resolution Time (Hrs)
A4: Neha Kapoor | B4: =COUNTIF(Complaint_Tickets!$G$3:$G$17,A4) -> 3 | C4: =COUNTIFS(Complaint_Tickets!$G$3:$G$17,A4,Complaint_Tickets!$L$3:$L$17,"Breached")+COUNTIFS(Complaint_Tickets!$G$3:$G$17,A4,Complaint_Tickets!$L$3:$L$17,"Resolved - Breached") -> 1 | D4: =IF(B4=0,0,C4/B4) -> 0.33333333 | E4: =IFERROR(AVERAGEIFS(Complaint_Tickets!$K$3:$K$17,Complaint_Tickets!$G$3:$G$17,A4,Complaint_Tickets!$I$3:$I$17,"Resolved"),0) -> 37.5
A5: Arjun Mehta | B5: =COUNTIF(Complaint_Tickets!$G$3:$G$17,A5) -> 3 | C5: =COUNTIFS(Complaint_Tickets!$G$3:$G$17,A5,Complaint_Tickets!$L$3:$L$17,"Breached")+COUNTIFS(Complaint_Tickets!$G$3:$G$17,A5,Complaint_Tickets!$L$3:$L$17,"Resolved - Breached") -> 1 | D5: =IF(B5=0,0,C5/B5) -> 0.33333333 | E5: =IFERROR(AVERAGEIFS(Complaint_Tickets!$K$3:$K$17,Complaint_Tickets!$G$3:$G$17,A5,Complaint_Tickets!$I$3:$I$17,"Resolved"),0) -> 0
A6: Fatima Sheikh | B6: =COUNTIF(Complaint_Tickets!$G$3:$G$17,A6) -> 3 | C6: =COUNTIFS(Complaint_Tickets!$G$3:$G$17,A6,Complaint_Tickets!$L$3:$L$17,"Breached")+COUNTIFS(Complaint_Tickets!$G$3:$G$17,A6,Complaint_Tickets!$L$3:$L$17,"Resolved - Breached") -> 0 | D6: =IF(B6=0,0,C6/B6) -> 0 | E6: =IFERROR(AVERAGEIFS(Complaint_Tickets!$K$3:$K$17,Complaint_Tickets!$G$3:$G$17,A6,Complaint_Tickets!$I$3:$I$17,"Resolved"),0) -> 50
A7: Rohan Das | B7: =COUNTIF(Complaint_Tickets!$G$3:$G$17,A7) -> 3 | C7: =COUNTIFS(Complaint_Tickets!$G$3:$G$17,A7,Complaint_Tickets!$L$3:$L$17,"Breached")+COUNTIFS(Complaint_Tickets!$G$3:$G$17,A7,Complaint_Tickets!$L$3:$L$17,"Resolved - Breached") -> 2 | D7: =IF(B7=0,0,C7/B7) -> 0.66666667 | E7: =IFERROR(AVERAGEIFS(Complaint_Tickets!$K$3:$K$17,Complaint_Tickets!$G$3:$G$17,A7,Complaint_Tickets!$I$3:$I$17,"Resolved"),0) -> 100
A8: Priyanka Nair | B8: =COUNTIF(Complaint_Tickets!$G$3:$G$17,A8) -> 3 | C8: =COUNTIFS(Complaint_Tickets!$G$3:$G$17,A8,Complaint_Tickets!$L$3:$L$17,"Breached")+COUNTIFS(Complaint_Tickets!$G$3:$G$17,A8,Complaint_Tickets!$L$3:$L$17,"Resolved - Breached") -> 2 | D8: =IF(B8=0,0,C8/B8) -> 0.66666667 | E8: =IFERROR(AVERAGEIFS(Complaint_Tickets!$K$3:$K$17,Complaint_Tickets!$G$3:$G$17,A8,Complaint_Tickets!$I$3:$I$17,"Resolved"),0) -> 30
A11: Category-Wise Performance
A12: Category | B12: Total Tickets | C12: Breached Tickets | D12: Breach Rate % | E12: Avg Resolution Time (Hrs)
A13: Billing | B13: =COUNTIF(Complaint_Tickets!$E$3:$E$17,A13) -> 5 | C13: =COUNTIFS(Complaint_Tickets!$E$3:$E$17,A13,Complaint_Tickets!$L$3:$L$17,"Breached")+COUNTIFS(Complaint_Tickets!$E$3:$E$17,A13,Complaint_Tickets!$L$3:$L$17,"Resolved - Breached") -> 2 | D13: =IF(B13=0,0,C13/B13) -> 0.4 | E13: =IFERROR(AVERAGEIFS(Complaint_Tickets!$K$3:$K$17,Complaint_Tickets!$E$3:$E$17,A13,Complaint_Tickets!$I$3:$I$17,"Resolved"),0) -> 50
A14: Technical | B14: =COUNTIF(Complaint_Tickets!$E$3:$E$17,A14) -> 2 | C14: =COUNTIFS(Complaint_Tickets!$E$3:$E$17,A14,Complaint_Tickets!$L$3:$L$17,"Breached")+COUNTIFS(Complaint_Tickets!$E$3:$E$17,A14,Complaint_Tickets!$L$3:$L$17,"Resolved - Breached") -> 0 | D14: =IF(B14=0,0,C14/B14) -> 0 | E14: =IFERROR(AVERAGEIFS(Complaint_Tickets!$K$3:$K$17,Complaint_Tickets!$E$3:$E$17,A14,Complaint_Tickets!$I$3:$I$17,"Resolved"),0) -> 0
A15: Delivery | B15: =COUNTIF(Complaint_Tickets!$E$3:$E$17,A15) -> 4 | C15: =COUNTIFS(Complaint_Tickets!$E$3:$E$17,A15,Complaint_Tickets!$L$3:$L$17,"Breached")+COUNTIFS(Complaint_Tickets!$E$3:$E$17,A15,Complaint_Tickets!$L$3:$L$17,"Resolved - Breached") -> 2 | D15: =IF(B15=0,0,C15/B15) -> 0.5 | E15: =IFERROR(AVERAGEIFS(Complaint_Tickets!$K$3:$K$17,Complaint_Tickets!$E$3:$E$17,A15,Complaint_Tickets!$I$3:$I$17,"Resolved"),0) -> 75
A16: Product Quality | B16: =COUNTIF(Complaint_Tickets!$E$3:$E$17,A16) -> 2 | C16: =COUNTIFS(Complaint_Tickets!$E$3:$E$17,A16,Complaint_Tickets!$L$3:$L$17,"Breached")+COUNTIFS(Complaint_Tickets!$E$3:$E$17,A16,Complaint_Tickets!$L$3:$L$17,"Resolved - Breached") -> 1 | D16: =IF(B16=0,0,C16/B16) -> 0.5 | E16: =IFERROR(AVERAGEIFS(Complaint_Tickets!$K$3:$K$17,Complaint_Tickets!$E$3:$E$17,A16,Complaint_Tickets!$I$3:$I$17,"Resolved"),0) -> 5
A17: Account Access | B17: =COUNTIF(Complaint_Tickets!$E$3:$E$17,A17) -> 2 | C17: =COUNTIFS(Complaint_Tickets!$E$3:$E$17,A17,Complaint_Tickets!$L$3:$L$17,"Breached")+COUNTIFS(Complaint_Tickets!$E$3:$E$17,A17,Complaint_Tickets!$L$3:$L$17,"Resolved - Breached") -> 1 | D17: =IF(B17=0,0,C17/B17) -> 0.5 | E17: =IFERROR(AVERAGEIFS(Complaint_Tickets!$K$3:$K$17,Complaint_Tickets!$E$3:$E$17,A17,Complaint_Tickets!$I$3:$I$17,"Resolved"),0) -> 0
A19: Overall Snapshot
A20: Total Tickets | C20: =COUNTA(Complaint_Tickets!$B$3:$B$17) -> 15
A21: Total Breached Tickets | C21: =COUNTIF(Complaint_Tickets!$L$3:$L$17,"Breached")+COUNTIF(Complaint_Tickets!$L$3:$L$17,"Resolved - Breached") -> 6
A22: Overall Breach Rate % | C22: =C21/C20 -> 0.4
A23: Tickets At Risk | C23: =COUNTIF(Complaint_Tickets!$L$3:$L$17,"At Risk") -> 3
A24: Tickets On Track | C24: =COUNTIF(Complaint_Tickets!$L$3:$L$17,"On Track") -> 3
